,Cities,Country Code,Latitude,Longitude,Temperature (F),Humidity (%),Cloudiness (%),Wind Speed (mph)
0,port blair,in,14.749788371678648,90.40056991439496,79.49,100.0,92.0,23.09
1,barrow,us,84.80968557559183,-150.8718328518593,37.46,47.0,0.0,3.06
2,rikitea,pf,-31.288313311548706,-112.01762476533563,72.83,100.0,0.0,13.8
4,tasiilaq,gl,55.67845104847291,-34.01694468013483,41.87,100.0,88.0,0.04
6,yellowknife,ca,68.38826559047033,-106.94684757981676,51.8,71.0,75.0,10.29
7,trinidad,bo,-15.176476209355144,-65.57826897004811,46.4,61.0,0.0,6.93
8,busselton,au,-38.16569056949368,94.51253810687894,53.39,100.0,88.0,8.21
9,pisco,pe,-18.28356034964304,-82.89696113506152,71.6,30.0,0.0,8.05
10,rikitea,pf,-48.01654121785673,-123.08491597810357,72.83,100.0,0.0,13.8
11,severo-kurilsk,ru,39.57323299967402,166.29711590078455,52.4,95.0,68.0,4.97
13,nizhnyaya tura,ru,58.58703272703568,59.996424228563626,56.9,94.0,92.0,5.97
14,khandyga,ru,64.7824550571153,135.92842186546187,57.44,84.0,0.0,3.18
15,new norfolk,au,-88.59269399200844,119.4369028689373,50.0,57.0,75.0,14.99
17,verkh-usugli,ru,53.84448441611903,115.48007645992851,60.95,76.0,68.0,3.4
18,saskylakh,ru,88.52277035650616,110.33748812512476,47.99,90.0,0.0,5.97
19,the valley,ai,24.400816833236107,-60.413305441849985,81.54,69.0,20.0,12.75
20,mataura,pf,-69.98075783200576,-153.41256228995294,55.73,76.0,0.0,17.72
21,biltine,td,17.367644931539246,22.433542345904414,68.24,96.0,64.0,8.43
22,ugoofaaru,mv,6.533722646915706,63.12016423147773,80.57,100.0,88.0,13.8
23,taltal,cl,-25.239982767033865,-82.53428348706855,55.01,89.0,0.0,2.17
24,bluff,nz,-47.78557058132479,167.6181747753497,68.69,71.0,44.0,4.52
25,vaini,to,-24.655335357774163,-175.99848720356886,67.43,98.0,92.0,6.42
27,yellowknife,ca,60.272968691739976,-111.97468203828964,51.8,71.0,75.0,10.29
28,punta arenas,cl,-76.93775384362857,-95.37490345798007,42.8,75.0,75.0,10.29
29,narsaq,gl,79.32470756890211,-64.99067609579062,44.6,81.0,75.0,4.7
30,rikitea,pf,-37.0958757627099,-130.6875570070861,72.83,100.0,0.0,13.8
31,netanya,il,32.849336354186036,33.16782560145447,78.8,74.0,40.0,3.36
32,hermanus,za,-63.516655552619284,5.3500136840026755,45.29,99.0,92.0,11.79
33,tommot,ru,57.807644674421994,128.08881238128407,52.22,100.0,92.0,3.96
34,dingle,ie,52.65478674567777,-19.446148046031396,81.2,79.0,76.0,5.53
35,itarema,br,1.7236331795382114,-38.54570663870342,78.5,78.0,0.0,16.71
36,butaritari,ki,18.114832541613495,161.60425451553107,85.16,100.0,68.0,6.76
37,port alfred,za,-71.28955482756054,42.66897519962481,59.96,95.0,0.0,7.54
38,orcopampa,pe,-15.311675306510296,-72.53248877393979,32.69,69.0,56.0,1.95
40,hobart,au,-65.362185729245,144.48496179441923,50.0,57.0,75.0,14.99
42,schleswig,de,54.64981895135975,9.65023995556956,52.25,76.0,88.0,8.05
43,angoche,mz,-17.18118267869798,40.227052343112234,75.08,100.0,0.0,7.54
44,rikitea,pf,-64.24484534052469,-140.1366723599106,72.83,100.0,0.0,13.8
45,ariquemes,br,-9.955343273167287,-63.60872359545644,72.56,87.0,56.0,3.96
46,ler,sd,8.3134517289337,29.8264961237561,50.0,87.0,75.0,12.75
47,paamiut,gl,64.20815309931706,-48.3511070631391,43.85,92.0,56.0,19.84
48,marsa matruh,eg,27.778345170055047,26.317111383438345,77.0,83.0,0.0,4.7
49,kruisfontein,za,-54.91239371734617,25.737771018698595,57.89,77.0,0.0,15.59
50,constitucion,mx,21.24935855769307,-114.91201804207716,82.4,30.0,75.0,5.82
51,rikitea,pf,-58.13490914989178,-129.95677204374226,72.83,100.0,0.0,13.8
52,isangel,vu,-18.06190815819069,176.2027871117681,73.19,100.0,20.0,16.6
53,east london,za,-64.17561156001855,46.67375738555265,68.87,94.0,44.0,13.02
54,teahupoo,pf,-19.495124004447163,-148.9249467442636,80.6,69.0,75.0,5.82
55,aklavik,ca,69.07054942190959,-139.4777507430663,54.37,81.0,75.0,9.17
56,lebedyn,ua,50.24965602130314,34.32985909547247,55.73,46.0,0.0,6.53
58,ribeira grande,pt,28.308072438261306,-38.14471038309097,73.82,100.0,0.0,9.22
59,hithadhoo,mv,-14.164672052906667,82.61638134195181,80.3,100.0,36.0,7.43
60,yangliuqing,cn,38.95113981831747,116.99788705835829,78.8,61.0,0.0,4.47
61,narsaq,gl,82.98073750990369,-65.60444557324946,44.6,81.0,75.0,4.7
62,brae,gb,66.11337811470895,-2.2174114584341282,51.8,81.0,92.0,12.75
63,bathsheba,bb,17.707480499603363,-47.817296946380424,80.6,74.0,20.0,17.22
64,thompson,ca,64.5969265494175,-98.81219915978056,46.4,93.0,90.0,5.82
65,bambous virieux,mu,-31.600478920460155,71.96788191356484,73.4,69.0,40.0,11.41
66,carnarvon,au,-17.852067455071037,107.86457257139676,36.92,79.0,0.0,13.69
67,busselton,au,-61.50995975361438,93.36400082907613,53.39,100.0,88.0,8.21
68,chokurdakh,ru,78.52381574356377,150.93122903997875,44.03,94.0,92.0,8.43
69,marawi,sd,21.09147895174334,28.42692262861675,75.17,87.0,20.0,2.62
70,albany,au,-89.67186027206505,111.98708767572202,74.21,50.0,75.0,10.29
71,bredasdorp,za,-87.12813857351529,12.756914003884702,50.0,81.0,76.0,14.99
72,nantucket,us,39.54602481532507,-70.72234404339909,67.01,83.0,1.0,4.7
73,alofi,nu,-19.533505029883543,-165.9240724848712,73.4,94.0,76.0,12.75
75,cape town,za,-62.63383102306913,-8.49567437363848,50.0,71.0,75.0,19.46
76,praia da vitoria,pt,45.67477516850258,-22.37232898504189,71.6,88.0,20.0,10.22
77,new norfolk,au,-64.39797739131606,127.04676413557064,50.0,57.0,75.0,14.99
78,nabire,id,-2.36337150681463,134.57394975536175,71.21,93.0,80.0,1.16
79,rikitea,pf,-16.710207725193683,-127.5687630595252,72.83,100.0,0.0,13.8
80,rikitea,pf,-84.8876702162929,-135.39204421779624,72.83,100.0,0.0,13.8
81,levelland,us,33.573904122273305,-102.76480323811455,95.0,27.0,40.0,14.99
82,nebolchi,ru,58.97812306909347,33.3525553756007,67.25,58.0,32.0,7.76
83,jamestown,sh,-16.259327727344484,-1.0936155674210113,52.85,64.0,8.0,3.96
84,touros,br,1.5685455709047602,-32.90071801801474,75.44,97.0,100.0,16.49
85,trinidad,bo,-14.343258334944181,-64.44943312639603,46.4,61.0,0.0,6.93
86,arraial do cabo,br,-30.09262873839792,-37.06101702393653,71.6,88.0,75.0,3.36
87,punta arenas,cl,-70.5754114435949,-81.11035112679971,42.8,75.0,75.0,10.29
89,busselton,au,-69.52925337492883,79.73674379622685,53.39,100.0,88.0,8.21
90,balaipungut,id,0.9862171704531306,101.21513862473597,75.26,89.0,36.0,2.62
92,mataura,pf,-77.11918889407806,-148.24206773738416,55.73,76.0,0.0,17.72
93,tasiilaq,gl,79.75645263954465,-36.12159502054405,41.87,100.0,88.0,0.04
94,ushuaia,ar,-58.33172774466719,-66.05580655304183,39.2,80.0,75.0,4.7
95,arraial do cabo,br,-54.997998420321245,-18.226436987134747,71.6,88.0,75.0,3.36
96,esperance,au,-42.9136893305443,122.85887290234905,80.6,83.0,20.0,6.93
98,nishihara,jp,20.989514535224785,132.80774168088095,85.48,69.0,1.0,3.51
99,scalea,it,39.967643259149696,15.500419174629485,78.32,97.0,8.0,11.79
100,aden,ye,11.861366036377348,44.77332982426674,80.3,89.0,0.0,9.1
101,half moon bay,us,30.36483140814603,-138.17873709645275,74.26,82.0,75.0,8.05
102,payson,us,38.99588481684083,-112.36618013023181,88.2,16.0,40.0,9.17
103,abha,sa,20.384137918060105,44.4168998464462,73.27,47.0,0.0,0.38
104,sao francisco,br,-16.447047426961007,-44.982028377669025,54.5,47.0,0.0,6.93
105,mahenge,tz,-8.70084256796946,37.562826006831415,68.6,83.0,76.0,5.19
106,mar del plata,ar,-63.90868934376386,-28.678068384473022,60.23,45.0,32.0,25.55
107,rikitea,pf,-43.3789796090351,-107.81065565939231,72.83,100.0,0.0,13.8
108,saskylakh,ru,81.68805716821024,110.05225162394112,47.99,90.0,0.0,5.97
109,rikitea,pf,-58.146224628946236,-129.71173006255796,72.83,100.0,0.0,13.8
110,karratha,au,-17.06159313261115,112.86059979427102,58.07,31.0,0.0,14.03
111,viedma,ar,-41.15545519650506,-61.502518471064235,49.43,38.0,0.0,11.01
112,chokurdakh,ru,83.06668911907437,147.0471742704387,44.03,94.0,92.0,8.43
113,bredasdorp,za,-70.1057291700951,18.37207566692379,50.0,81.0,76.0,14.99
114,yellowknife,ca,61.30019663204894,-111.32256426441076,51.8,71.0,75.0,10.29
115,georgetown,sh,-0.8528236588771279,-20.84134531057478,82.4,78.0,20.0,11.41
116,srednekolymsk,ru,65.94477408772073,154.35722098252967,40.25,77.0,92.0,5.97
117,antofagasta,cl,-22.6302852118706,-74.78648153547834,55.4,76.0,75.0,4.7
118,butaritari,ki,18.14138111986047,160.71814687029325,85.16,100.0,68.0,6.76
119,piacabucu,br,-13.056936901715048,-34.21955728839663,74.18,82.0,92.0,9.55
120,punta arenas,cl,-59.72061657192297,-96.34270426425277,42.8,75.0,75.0,10.29
122,pacific grove,us,28.50904481731847,-131.7666482550781,66.69,72.0,40.0,8.05
123,isangel,vu,-18.93737859577675,174.9422354830715,73.19,100.0,20.0,16.6
125,jamestown,sh,-13.394604512436047,-2.1044099319856286,52.85,64.0,8.0,3.96
126,at-bashi,kg,41.69575011112178,74.94145126695247,36.92,84.0,80.0,0.6
127,tiksi,ru,83.3254557985342,130.81882709293353,46.82,99.0,0.0,3.06
128,esperance,au,-50.23270954999808,125.74520244820133,80.6,83.0,20.0,6.93
129,arraial do cabo,br,-40.79233041790245,-25.736036453960395,71.6,88.0,75.0,3.36
130,xuzhou,cn,34.358978973492796,117.00798192597574,75.53,85.0,0.0,8.43
131,georgetown,sh,-12.980464801936165,-21.858726929693802,82.4,78.0,20.0,11.41
132,ribeira grande,pt,43.33591917003153,-34.58614680002171,73.82,100.0,0.0,9.22
133,barrow,us,82.22131971829626,-144.14751029968528,37.46,47.0,0.0,3.06
134,ushuaia,ar,-71.97986738266104,-37.36238461874137,39.2,80.0,75.0,4.7
136,bluff,nz,-60.520655788756436,159.18823732079323,68.69,71.0,44.0,4.52
137,petropavlovsk-kamchatskiy,ru,48.04439817044448,163.91679075050666,57.2,76.0,64.0,4.47
138,tiksi,ru,71.42734562574157,129.51101446866232,46.82,99.0,0.0,3.06
141,albany,au,-72.76510850739567,112.039186563324,74.21,50.0,75.0,10.29
142,klaksvik,fo,68.0928117132782,-5.983117261048136,46.4,87.0,92.0,7.76
143,kondinskoye,ru,60.809342148792496,68.46159276780426,57.35,86.0,32.0,7.54
144,saskylakh,ru,86.33729009943968,110.62512971449183,47.99,90.0,0.0,5.97
145,coquimbo,cl,-27.201088895108853,-78.1016498009906,53.6,76.0,0.0,8.05
146,abrau-dyurso,ru,43.37124059328306,36.912534284415415,71.6,73.0,0.0,4.47
147,bikaner,in,27.903658831403263,72.68801331411822,83.18,68.0,0.0,10.11
148,mount isa,au,-20.66792310195106,138.01962051814587,66.2,32.0,0.0,10.29
149,port keats,au,-13.152924424614184,128.17591997619655,74.9,47.0,0.0,6.98
150,coquimbo,cl,-27.193131457499298,-87.94698966700852,53.6,76.0,0.0,8.05
151,mbeya,tz,-8.840159823963603,33.201047463163945,46.1,89.0,0.0,3.4
152,albany,au,-73.80671044004086,108.6027542953637,74.21,50.0,75.0,10.29
153,rikitea,pf,-75.36729050194548,-132.87254665968192,72.83,100.0,0.0,13.8
154,iqaluit,ca,61.14118159497164,-64.99716440978885,42.8,87.0,40.0,2.24
155,salalah,om,20.192360786896742,53.91642424848959,73.4,100.0,90.0,5.82
156,woodward,us,36.83266092838447,-99.55697880131422,90.37,38.0,1.0,17.22
157,tucupita,ve,9.523543244010952,-62.32938237836875,82.01,71.0,12.0,9.44
158,punta arenas,cl,-75.57587584190445,-103.00797671138025,42.8,75.0,75.0,10.29
159,blythe,us,33.60413955374892,-114.01806762495679,105.08,22.0,1.0,16.11
160,rikitea,pf,-45.80664068449876,-127.32448296964523,72.83,100.0,0.0,13.8
161,kahului,us,34.98849788247233,-149.89023420248878,82.08,65.0,75.0,16.11
163,newport,us,44.85179045435282,-126.79747417155976,54.32,81.0,68.0,5.82
164,umri,in,26.469551051911708,79.3029286847065,75.89,99.0,92.0,6.98
165,naze,jp,22.673574736335823,134.853709900343,78.8,78.0,20.0,2.24
166,bonthe,sl,0.9910498540441921,-20.958048339257886,73.73,100.0,92.0,6.76
167,provideniya,ru,54.63644825233365,-173.33259026713017,47.81,95.0,56.0,12.01
169,lebu,cl,-35.237983211443954,-101.05833456906255,55.4,93.0,75.0,4.7
170,rikitea,pf,-67.77614973783747,-124.42365616462206,72.83,100.0,0.0,13.8
171,punta arenas,cl,-83.20018496727839,-108.14769513658803,42.8,75.0,75.0,10.29
172,karnobat,bg,42.67815207192035,27.038496746927308,68.0,88.0,0.0,2.73
173,yeppoon,au,-22.15743572498431,152.40413785238331,71.6,73.0,75.0,8.05
174,port alfred,za,-68.64919819833557,37.038342751143034,59.96,95.0,0.0,7.54
175,arraial do cabo,br,-51.11996086391132,-17.808371997106747,71.6,88.0,75.0,3.36
176,castro,cl,-45.91825283996277,-89.80761388679709,49.88,97.0,92.0,8.66
177,sinop,tr,42.9448743015372,34.7909432454602,75.44,97.0,8.0,9.22
178,malpe,in,13.309531871762829,73.73089813385769,75.2,94.0,75.0,3.36
179,butaritari,ki,23.962569362304905,177.99547346011303,85.16,100.0,68.0,6.76
180,khatanga,ru,79.92477482194224,102.41585410665368,52.4,76.0,20.0,13.47
181,port alfred,za,-89.28228605689563,43.86519429544123,59.96,95.0,0.0,7.54
182,barrow,us,78.53275246409294,-165.35777291252117,37.46,47.0,0.0,3.06
183,vao,nc,-27.447203038038637,169.13430453332313,57.08,96.0,92.0,2.62
184,jatai,br,-17.76595503752816,-51.346344108207205,77.15,92.0,44.0,3.51
185,markova,ru,58.29180769001417,106.76321429747628,46.4,100.0,0.0,4.47
186,ushuaia,ar,-81.09283536217025,-81.08255904043428,39.2,80.0,75.0,4.7
187,kapaa,us,29.492345929350464,-156.59226693722377,80.76,100.0,90.0,21.92
188,korgen,no,66.28186227676534,13.864454853725505,39.2,100.0,92.0,3.36
189,padang,id,-3.828723340463185,93.0107689447629,79.22,100.0,68.0,4.63
191,saskylakh,ru,76.686658280154,118.2997957677357,47.99,90.0,0.0,5.97
192,klaksvik,fo,70.31322709923069,-1.3634015053845019,46.4,87.0,92.0,7.76
193,lima,pe,-13.047963889051232,-79.25835150404049,61.04,64.0,68.0,2.06
194,noumea,nc,-28.61268640052885,164.49012131006106,68.0,72.0,0.0,6.08
195,hobart,au,-49.419797231614695,152.02336561198126,50.0,57.0,75.0,14.99
196,kaitangata,nz,-59.210123976919974,176.00388990364075,55.01,72.0,0.0,21.63
197,longyearbyen,sj,81.5248618521278,17.055615030986985,35.6,74.0,40.0,16.11
198,hilo,us,29.361469133199336,-147.03099824897038,75.92,97.0,90.0,6.93
199,nuevo progreso,mx,23.36953055539354,-96.390611778846,94.19,36.0,40.0,13.87
200,carnarvon,au,-25.625374440345638,96.15273560052441,36.92,79.0,0.0,13.69
201,bluff,nz,-71.21988879330752,156.4903992011474,68.69,71.0,44.0,4.52
203,jamestown,sh,-27.194113011892078,-15.67513463878035,52.85,64.0,8.0,3.96
205,ukiah,us,38.5077267724175,-125.15249399039246,89.96,22.0,1.0,9.17
206,grand-santi,gf,2.913045931185607,-56.66162505937227,78.32,79.0,36.0,3.74
207,grindavik,is,56.777152944006616,-25.767760774608263,46.87,81.0,20.0,8.05
208,albany,au,-63.1065998747069,107.49702256506919,74.21,50.0,75.0,10.29
210,ushuaia,ar,-60.203851359514104,-57.999700027660026,39.2,80.0,75.0,4.7
211,westport,nz,-40.19328682112955,168.18120271801263,52.4,92.0,92.0,9.44
212,marsa matruh,eg,31.577100134967935,28.097215942257463,77.0,83.0,0.0,4.7
213,acapulco,mx,10.115127132583936,-103.33625568585217,87.8,66.0,20.0,11.41
214,saskylakh,ru,83.67628662347985,110.1964673904481,47.99,90.0,0.0,5.97
215,manggar,id,-2.084081461420027,108.66653877945436,81.65,82.0,36.0,8.55
216,saint-philippe,re,-64.14358807803552,71.94848188567761,77.32,47.0,75.0,13.87
217,kokkola,fi,64.55555715692051,23.556005951177724,48.2,93.0,0.0,5.82
218,punta arenas,cl,-67.44641765272735,-85.92357317734921,42.8,75.0,75.0,10.29
220,padang,id,-5.243306131643706,94.98446983901152,79.22,100.0,68.0,4.63
221,hobart,au,-59.99047613669291,154.47621847852895,50.0,57.0,75.0,14.99
223,upernavik,gl,70.35510038778841,-60.75968666387344,39.35,97.0,92.0,22.08
224,upernavik,gl,86.46163281689729,-55.231458748876165,39.35,97.0,92.0,22.08
225,bodmin,gb,50.8908642968332,-5.104261711344748,54.92,91.0,80.0,8.66
226,askiz,ru,52.963130128232365,90.55449958539623,52.49,87.0,8.0,2.62
227,nome,us,58.593781469831185,-168.85439534715545,91.36,52.0,1.0,8.05
229,kahului,us,31.901388021962674,-152.4317977644299,82.08,65.0,75.0,16.11
230,honiara,sb,-11.691681433182168,159.08994807442758,80.6,83.0,90.0,18.34
231,kapaa,us,16.730252916348732,-161.70861716134266,80.76,100.0,90.0,21.92
232,busselton,au,-50.47669630802612,93.57687269782195,53.39,100.0,88.0,8.21
233,rio grande,br,-46.83884286746392,-35.833659376780446,48.62,92.0,8.0,21.07
234,atuona,pf,-5.240002083935835,-143.93990031501235,78.86,100.0,100.0,19.62
235,airai,pw,8.978690529018806,135.57042398200957,72.38,74.0,0.0,1.5
237,vao,nc,-28.846283390741064,167.48022500767206,57.08,96.0,92.0,2.62
238,fort nelson,ca,59.56729729403904,-126.80518930856793,57.2,87.0,75.0,4.7
239,yulara,au,-29.648790530773645,128.7594404019739,53.6,32.0,0.0,5.82
240,sarangani,ph,3.5589425077849626,126.23536120418623,82.19,100.0,32.0,1.5
241,tasiilaq,gl,71.38141679433608,-36.57314303023142,41.87,100.0,88.0,0.04
242,hobart,au,-79.74644306024658,138.43322071801612,50.0,57.0,75.0,14.99
243,soubre,ci,5.355382048430997,-7.01531371058519,70.49,100.0,92.0,5.64
245,esperance,au,-36.36389366898547,124.06246036992286,80.6,83.0,20.0,6.93
246,hobart,au,-75.8677392646754,142.68388026930393,50.0,57.0,75.0,14.99
247,punta arenas,cl,-62.763169079672764,-112.38333682213985,42.8,75.0,75.0,10.29
249,vaini,to,-18.941884127823457,-179.7261758712952,67.43,98.0,92.0,6.42
250,lorengau,pg,0.5129219520769368,147.45386968369388,82.64,100.0,12.0,2.62
251,rikitea,pf,-39.61357121997478,-134.67077648658747,72.83,100.0,0.0,13.8
252,coron,ph,12.026896174209085,120.30567072479232,48.2,81.0,0.0,2.95
253,mataura,pf,-70.94592446347414,-154.18788633354166,55.73,76.0,0.0,17.72
254,vaini,to,-51.663266984297955,-169.64000856344586,67.43,98.0,92.0,6.42
256,hobart,au,-53.922640236305426,153.14357877514863,50.0,57.0,75.0,14.99
257,hofn,is,65.57121740510317,-13.153362949056174,44.39,100.0,48.0,9.66
258,avarua,ck,-33.05703822641095,-163.6042842489383,78.8,83.0,20.0,11.41
259,bambous virieux,mu,-33.21785060773492,76.98169728857476,73.4,69.0,40.0,11.41
260,cockburn town,tc,21.9708609920321,-69.64956083718762,83.72,96.0,44.0,17.6
261,nikolskoye,ru,40.45630881936532,175.760164411556,59.0,93.0,90.0,13.42
262,kortkeros,ru,62.20637672099659,52.167275568674796,39.2,100.0,20.0,1.72
263,sarangani,ph,3.521942192366467,125.1250946477715,82.19,100.0,32.0,1.5
264,alugan,ph,15.805079993466492,129.96082336579707,81.56,99.0,76.0,3.4
265,bethel,us,47.7096648056409,-161.86922854659994,55.04,89.0,90.0,6.93
266,saskylakh,ru,81.47238844989553,114.22501945459254,47.99,90.0,0.0,5.97
267,chokurdakh,ru,72.54327249063772,149.3459591207386,44.03,94.0,92.0,8.43
268,chokurdakh,ru,77.73022491952952,148.74596487602713,44.03,94.0,92.0,8.43
269,barrow,us,72.60831555514412,-150.49822586107513,37.46,47.0,0.0,3.06
270,leh,in,34.970590375802345,81.11590612251638,31.34,91.0,88.0,1.72
274,richards bay,za,-36.80191630915707,40.57694693160445,68.15,67.0,0.0,9.1
275,puerto ayora,ec,-0.2769274210205026,-100.01028379586872,75.2,69.0,75.0,14.99
276,kahului,us,33.523444854752086,-146.41715538171178,82.08,65.0,75.0,16.11
277,hofn,is,62.82266502066932,-11.727639145362616,44.39,100.0,48.0,9.66
278,tasiilaq,gl,77.59832000751626,-34.86424722799282,41.87,100.0,88.0,0.04
279,cidreira,br,-43.78159300673374,-32.197892777070564,50.33,75.0,32.0,15.82
281,bredasdorp,za,-68.27981857221597,20.0800893971072,50.0,81.0,76.0,14.99
282,ketchikan,us,56.827450330984874,-131.28712106577026,63.01,60.0,90.0,16.11
284,ushuaia,ar,-80.94098878376211,-49.676962605529184,39.2,80.0,75.0,4.7
285,sao felix do xingu,br,-6.2746121336514165,-50.73855810560724,82.1,59.0,0.0,4.41
286,tiksi,ru,88.75974009520132,129.48245839119312,46.82,99.0,0.0,3.06
287,bluff,nz,-78.95096361739174,172.69741704334962,68.69,71.0,44.0,4.52
288,damietta,eg,32.563773721442175,32.30304076448877,78.8,88.0,0.0,6.93
289,talnakh,ru,68.66133137584998,94.41474961539188,51.5,91.0,56.0,3.4
290,bilma,ne,22.05223603468022,12.738909031163615,83.9,48.0,0.0,11.45
291,flinders,au,-34.245230519013404,129.09092164417285,53.6,87.0,40.0,10.29
292,clyde river,ca,69.71128384171791,-78.54610404123233,41.0,80.0,75.0,13.87
293,port elizabeth,za,-70.81401372854813,33.78944311682312,75.49,68.0,1.0,5.82
294,butaritari,ki,14.750198952598979,169.40020133084045,85.16,100.0,68.0,6.76
295,isangel,vu,-16.8146964831368,173.70142982657626,73.19,100.0,20.0,16.6
296,portland,au,-45.534230423012374,137.31422368014915,69.42,48.0,90.0,4.7
297,pathein,mm,16.888019820287482,92.95953149336339,76.07,98.0,92.0,10.11
298,fereydunshahr,ir,32.855424954803894,49.743938618331555,60.41,41.0,0.0,3.06
299,atuona,pf,4.060510130041706,-132.04716809539212,78.86,100.0,100.0,19.62
301,buzdyak,ru,54.4295603726253,54.47488833963692,52.04,94.0,0.0,7.54
302,puerto ayora,ec,-18.094993282796253,-108.37731363524698,75.2,69.0,75.0,14.99
303,rikitea,pf,-63.189471103641296,-138.02438748384876,72.83,100.0,0.0,13.8
304,tuktoyaktuk,ca,86.74162297050228,-136.95926065864302,51.8,62.0,40.0,5.82
305,banjarmasin,id,-4.612529056109636,114.0829201885802,77.0,88.0,40.0,6.08
306,dikson,ru,88.07126110743712,78.37074629516326,45.83,100.0,92.0,14.03
307,yenagoa,ng,4.030927315029643,5.816185103358492,72.56,93.0,92.0,4.41
309,hermanus,za,-80.89069907515766,-4.064842733281608,45.29,99.0,92.0,11.79
310,te anau,nz,-43.046296261286194,164.9291626684788,46.91,83.0,32.0,13.02
311,kutum,sd,18.27078089982679,26.87525968578035,65.27,88.0,32.0,3.62
312,yerbogachen,ru,60.624535445028044,107.2802564136964,51.32,94.0,12.0,3.62
313,port elizabeth,za,-48.42170241658762,29.2465592139973,75.49,68.0,1.0,5.82
314,rikitea,pf,-83.23301582023919,-136.22008213934464,72.83,100.0,0.0,13.8
315,ahipara,nz,-29.122420934489398,171.94296616687052,57.53,85.0,56.0,11.68
316,beckley,us,37.66314378934253,-81.136102706151,72.41,59.0,20.0,5.82
317,coihaique,cl,-49.996172359918695,-76.96575478589952,43.52,93.0,90.0,9.17
318,tura,ru,64.21601878328988,101.1124064470248,76.07,96.0,88.0,3.18
320,saldanha,za,-34.90626745329385,11.972482937657674,57.26,74.0,0.0,1.39
321,rikitea,pf,-20.65590743235734,-116.11767121068023,72.83,100.0,0.0,13.8
322,kahului,us,25.706250100632403,-153.04827761339635,82.08,65.0,75.0,16.11
323,vaini,to,-72.47667194197145,-178.4052958243059,67.43,98.0,92.0,6.42
324,punta arenas,cl,-75.04797398759342,-109.75806213259665,42.8,75.0,75.0,10.29
325,necochea,ar,-47.46353468866775,-56.058129853526836,37.55,76.0,0.0,2.95
326,tuktoyaktuk,ca,84.72610053721638,-136.24700840205907,51.8,62.0,40.0,5.82
327,conceicao do araguaia,br,-9.468424122539119,-49.89719723460871,83.63,50.0,48.0,3.51
328,saint-philippe,re,-23.001143884211572,56.48922069451663,77.32,47.0,75.0,13.87
329,ushuaia,ar,-73.51347791352852,-23.425825169854363,39.2,80.0,75.0,4.7
330,arraial do cabo,br,-43.139940403468096,-21.730667780332396,71.6,88.0,75.0,3.36
331,west bay,ky,19.306061177707974,-82.82597596190956,48.2,87.0,0.0,1.12
333,bredasdorp,za,-87.91827406662432,24.436054057850242,50.0,81.0,76.0,14.99
334,bluff,nz,-71.3551281010488,165.16183131254246,68.69,71.0,44.0,4.52
335,kavaratti,in,10.109141969564803,69.77288021266398,82.73,94.0,48.0,15.7
336,atuona,pf,-16.636798821991434,-141.82526385707425,78.86,100.0,100.0,19.62
337,kundiawa,pg,-5.699489787525664,145.21616973871414,59.24,96.0,80.0,1.61
338,rikitea,pf,-54.57196854493974,-131.3023617400953,72.83,100.0,0.0,13.8
339,tutoia,br,1.068299295092089,-41.85458001531242,78.86,84.0,0.0,12.46
340,qaanaaq,gl,78.95285434296699,-84.94704809784051,37.19,92.0,0.0,7.76
341,avarua,ck,-26.1144378685432,-161.83497306844347,78.8,83.0,20.0,11.41
342,jacqueville,ci,2.3360320277838014,-4.063761882975115,71.6,100.0,40.0,6.93
343,bluff,nz,-77.8948828354214,161.1064452330741,68.69,71.0,44.0,4.52
344,nchelenge,zm,-8.276721998181628,28.41276090439186,62.39,65.0,0.0,2.73
345,ushuaia,ar,-76.64110633938662,-38.027989355868954,39.2,80.0,75.0,4.7
346,byron bay,au,-28.23448508940492,157.43768874069866,60.8,93.0,75.0,9.1
347,ushuaia,ar,-85.31120276544553,-66.03533650189442,39.2,80.0,75.0,4.7
348,vila franca do campo,pt,42.508256307066546,-18.649228930623877,71.6,78.0,40.0,11.41
349,hay river,ca,60.156573530459184,-114.55726635371929,57.2,50.0,75.0,10.29
350,kununurra,au,-16.45732837836458,127.55353442206331,66.2,45.0,0.0,2.24
351,chimbote,pe,-9.480092253064058,-79.5350860622924,62.12,96.0,0.0,5.53
352,bowen,au,-18.56954241719535,148.9456184672814,73.4,73.0,0.0,2.24
353,port elizabeth,za,-76.79366940225029,34.92929461477158,75.49,68.0,1.0,5.82
354,kroya,id,-12.166678950936273,108.01000466203863,70.4,76.0,0.0,4.07
355,waingapu,id,-12.301863167860873,118.90231011423691,72.83,82.0,0.0,4.41
356,albany,au,-49.19084688866675,123.87352608914011,74.21,50.0,75.0,10.29
357,cockburn town,bs,28.112586511353612,-72.53030775040418,83.72,96.0,44.0,17.6
358,lebu,cl,-32.09715682142964,-103.42755043248094,55.4,93.0,75.0,4.7
359,volcan,pa,8.735839488247365,-82.69054559701844,75.2,94.0,75.0,8.05
360,kapaa,us,35.880730278796435,-179.0174157395679,80.76,100.0,90.0,21.92
361,nabire,id,-3.5127175854022994,133.29518446629191,71.21,93.0,80.0,1.16
362,tuktoyaktuk,ca,85.51217789130638,-141.563686383879,51.8,62.0,40.0,5.82
363,airai,pw,15.189964849526518,135.20552574361898,72.38,74.0,0.0,1.5
364,busselton,au,-32.28314588602568,107.97740852414188,53.39,100.0,88.0,8.21
365,ahipara,nz,-31.247372966897736,165.97718823019255,57.53,85.0,56.0,11.68
366,denpasar,id,-12.618041792880206,115.21913214597964,78.8,74.0,40.0,9.17
367,wyndham,nz,-46.356111400839985,168.8176091408506,53.6,76.0,40.0,4.7
368,belaya gora,ru,69.74603072323112,144.7568408589678,46.73,77.0,92.0,4.41
369,chuy,uy,-48.488135015407146,-40.23170823505953,45.2,81.0,0.0,20.29
370,zabid,ye,13.283364672539378,43.0595608322177,62.75,32.0,32.0,3.62
371,shchebetovka,ua,44.8717678924078,35.255340317213125,69.86,97.0,0.0,5.97
372,cidreira,br,-59.136982821418854,-18.205605290396477,50.33,75.0,32.0,15.82
373,mahebourg,mu,-46.14896636069661,73.61243691411181,73.4,69.0,40.0,11.41
374,new norfolk,au,-51.71668074457121,140.282381782863,50.0,57.0,75.0,14.99
375,faanui,pf,-13.08643904585054,-154.3436009240531,77.51,100.0,36.0,6.53
376,statesboro,us,32.84148241779489,-82.10469059601417,83.46,74.0,40.0,3.36
377,horsham,au,-36.265049809716444,142.60545542990144,42.68,100.0,24.0,6.64
380,abu dhabi,ae,24.23976378256701,53.72313583231343,91.4,79.0,0.0,3.36
381,saskylakh,ru,82.99142169668465,108.80029338958099,47.99,90.0,0.0,5.97
382,saldanha,za,-42.78430372856353,-4.370240930395454,57.26,74.0,0.0,1.39
383,zhigansk,ru,72.13034182438778,122.81412341880366,54.02,69.0,0.0,3.06
384,vestmannaeyjar,is,57.28668775476967,-19.549783236651024,46.46,100.0,12.0,6.2
385,mataura,pf,-61.0076922375827,-147.05390119428256,55.73,76.0,0.0,17.72
386,nosy varika,mg,-20.98921961931724,49.34656205404747,65.27,100.0,36.0,2.95
387,hilo,us,6.411279436335803,-152.1037295856593,75.92,97.0,90.0,6.93
388,ushuaia,ar,-64.2991836422264,-44.81269091522333,39.2,80.0,75.0,4.7
389,mar del plata,ar,-71.29784173145201,-20.159513731563294,60.23,45.0,32.0,25.55
390,broken hill,au,-32.705787593189335,141.0430527465947,55.82,58.0,0.0,5.97
391,picota,pe,-7.237486219402172,-75.82380838517777,62.6,290.0,40.0,3.36
392,talnakh,ru,76.49084785686742,93.77820931104924,51.5,91.0,56.0,3.4
393,quatre cocos,mu,-15.389508534073741,68.68162410572774,73.4,69.0,40.0,11.41
394,albany,au,-38.45346551269017,118.20851375159322,74.21,50.0,75.0,10.29
395,faanui,pf,-11.678197358491502,-150.34309452378824,77.51,100.0,36.0,6.53
396,maldonado,uy,-35.367677886090505,-54.206071357568135,48.2,70.0,75.0,13.87
398,rikitea,pf,-58.34635098491815,-136.12960892296738,72.83,100.0,0.0,13.8
399,tura,ru,64.07987819794485,103.88228656084266,76.07,96.0,88.0,3.18
400,punta arenas,cl,-73.83809058373399,-93.32068762490074,42.8,75.0,75.0,10.29
401,cape town,za,-42.98521042789675,8.379604375185409,50.0,66.0,40.0,13.87
403,kapaa,us,21.499412236055292,-166.07310170116742,80.76,100.0,90.0,21.92
404,tasiilaq,gl,55.5709719260833,-32.61963953910515,41.87,100.0,88.0,0.04
405,buraydah,sa,24.48501803877285,44.24404416816802,86.0,33.0,0.0,2.24
406,asaka,uz,40.533986435776285,72.22501984659294,85.66,69.0,1.0,3.51
407,katsuura,jp,20.342106593334307,146.76313290713068,82.4,69.0,20.0,2.24
408,atuona,pf,-6.551193724269524,-120.19198773885849,78.86,100.0,100.0,19.62
409,hilo,us,21.404922003566995,-148.83567673632064,75.92,97.0,90.0,6.93
410,neuquen,ar,-37.999005338259295,-68.11887539877549,57.2,50.0,0.0,2.24
411,havre,us,48.29975758842883,-109.8666938403603,73.04,30.0,1.0,3.36
412,carnarvon,au,-25.999845500532402,94.89277821933905,36.92,79.0,0.0,13.69
413,fortuna,us,37.5070806910943,-134.7306308514743,80.6,69.0,0.0,11.41
415,brokopondo,sr,4.928784715542875,-55.544097886503195,78.8,88.0,20.0,2.24
416,qaanaaq,gl,88.3972732689823,-82.34236810954724,37.19,92.0,0.0,7.76
418,qaanaaq,gl,87.31992023563853,-75.79763585912184,37.19,92.0,0.0,7.76
419,hermanus,za,-63.919607719760755,6.63014322893423,45.29,99.0,92.0,11.79
420,yellowknife,ca,61.49111326872807,-110.25801713591031,51.8,71.0,75.0,10.29
421,busselton,au,-73.78346563055135,81.34105892921554,53.39,100.0,88.0,8.21
423,rikitea,pf,-12.213362163769773,-120.38002274464135,72.83,100.0,0.0,13.8
424,namibe,ao,-11.095624765750657,3.323452278791251,64.19,100.0,0.0,10.45
425,sugod,ph,12.684792787346879,122.81097230668513,83.99,94.0,80.0,9.78
426,busselton,au,-57.19292636790638,100.04767126469159,53.39,100.0,88.0,8.21
427,toora-khem,ru,53.58029603985986,95.11100570391528,46.55,85.0,0.0,1.05
428,avera,pf,-25.09523838232657,-155.53778120806376,86.86,43.0,1.0,5.82
429,khandbari,np,31.741900185274886,87.20232179551903,45.29,65.0,44.0,2.06
430,clyde river,ca,69.00998021550163,-80.91158523010846,41.0,80.0,75.0,13.87
431,victoria,sc,-9.605480534270427,65.23502247857718,79.59,88.0,75.0,5.19
432,sitka,us,50.84967895997474,-139.12836814349384,93.62,40.0,36.0,15.48
433,saint-philippe,re,-39.09776257088642,63.1810480014758,77.32,47.0,75.0,13.87
434,kaitangata,nz,-66.15960734993584,176.03929357935078,55.01,72.0,0.0,21.63
435,colares,pt,38.14087862618342,-14.513119702702625,65.32,77.0,0.0,5.82
436,saint-philippe,re,-52.03966192076381,66.63062763219384,77.32,47.0,75.0,13.87
438,vitoria,es,42.954767344687184,-2.631244761369146,79.49,68.0,88.0,3.18
439,saint anthony,ca,54.44154466222281,-51.186266899902506,79.34,3.0,1.0,14.99
440,ushuaia,ar,-75.18411487512887,-55.108475007688014,39.2,80.0,75.0,4.7
442,sarakhs,ir,36.546243517371664,60.60125406553749,69.8,32.0,0.0,13.87
443,nikolskoye,ru,43.43482674753548,173.59678408668037,59.0,93.0,90.0,13.42
445,tasiilaq,gl,64.62098905766874,-32.4684556938206,41.87,100.0,88.0,0.04
447,mahibadhoo,mv,3.602988683127421,69.37700429727693,82.37,100.0,76.0,10.11
448,spasskoye,ru,44.84042534873987,132.50393516218617,49.07,83.0,0.0,2.73
449,husavik,is,78.7706848866417,-8.533813728026104,67.25,77.0,12.0,11.12
450,dunedin,nz,-51.442651779644095,175.51781739096924,53.93,73.0,0.0,2.95
451,cidreira,br,-48.94025259088466,-33.07735974060992,50.33,75.0,32.0,15.82
452,arraial do cabo,br,-35.71032697579923,-28.648652713859065,71.6,88.0,75.0,3.36
453,ushuaia,ar,-86.9379895855772,-37.47632016723236,39.2,80.0,75.0,4.7
454,busselton,au,-49.54937511698772,108.13688329767058,53.39,100.0,88.0,8.21
455,ushuaia,ar,-62.30923924385857,-70.56973858476894,39.2,80.0,75.0,4.7
456,pevek,ru,65.49207572491562,170.22698070006993,37.46,100.0,36.0,10.45
457,arraial do cabo,br,-27.999123584181262,-40.141221525090884,71.6,88.0,75.0,3.36
458,palmer,us,57.962458531313644,-147.09925286948192,48.2,70.0,75.0,4.7
459,port alfred,za,-33.63958759090734,26.889167812317424,59.96,95.0,0.0,7.54
460,beyneu,kz,44.21994376177284,57.123038843841215,55.19,65.0,0.0,4.63
461,east london,za,-73.2038751520077,50.84733064052645,68.87,94.0,44.0,13.02
462,dikson,ru,84.59379092753488,86.96079085659449,45.83,100.0,92.0,14.03
463,sitka,us,53.589333763519846,-140.53200311631986,93.62,40.0,36.0,15.48
464,eureka,us,41.444950744824126,-129.8369538354498,62.26,77.0,1.0,9.17
465,faya,td,22.732719636878812,18.40331134777378,71.56,49.0,0.0,6.93
466,pevek,ru,89.77869205338132,167.87349036695008,37.46,100.0,36.0,10.45
467,kisangani,cd,-0.37319818732062515,24.54863703355602,71.12,98.0,8.0,2.51
468,ilulissat,gl,76.21637059756847,-44.537231862351376,42.8,81.0,75.0,3.36
469,kaeo,nz,-28.270019462015867,176.93443585378043,57.17,80.0,44.0,9.78
470,husavik,is,68.30711212786656,-14.849286004358987,67.25,77.0,12.0,11.12
471,laguna,br,-44.06567333845512,-31.22721260364679,89.6,46.0,75.0,3.36
472,rosarito,mx,31.48191926186871,-118.09797337694158,75.88,51.0,75.0,3.36
473,taoudenni,ml,25.471801215123264,-7.285457671889105,87.5,19.0,0.0,9.78
474,san angelo,us,30.592169968627474,-100.97172237875019,98.06,18.0,1.0,14.99
475,tateyama,jp,26.114798360363352,142.9640113486825,82.4,83.0,75.0,2.24
476,daokou,cn,35.266192007298244,114.40371139963588,58.52,100.0,80.0,4.07
477,kununurra,au,-17.506084563521625,127.11047714833393,66.2,45.0,0.0,2.24
478,bredasdorp,za,-71.8287647253736,22.563062168478183,50.0,81.0,76.0,14.99
479,castro,cl,-43.59418981502148,-98.1439684302428,49.88,97.0,92.0,8.66
481,punta arenas,cl,-60.29801274001066,-96.65361097190069,42.8,75.0,75.0,10.29
483,ushuaia,ar,-69.28921335920312,-53.68388936592771,39.2,80.0,75.0,4.7
484,qaanaaq,gl,76.07852648804382,-71.38467809200257,37.19,92.0,0.0,7.76
485,ribeira grande,pt,48.29483880361593,-37.55125397750243,73.82,100.0,0.0,9.22
486,shakawe,bw,-19.05856377781504,20.992809872639214,71.3,28.0,64.0,8.1
487,rikitea,pf,-58.33739600205537,-116.85554730174448,72.83,100.0,0.0,13.8
488,tuktoyaktuk,ca,82.36019761416125,-136.35839239353004,51.8,62.0,40.0,5.82
489,beira,mz,-20.732644599164033,37.039044534741066,58.89,87.0,0.0,2.24
491,punta arenas,cl,-69.3415420555383,-100.91133412177834,42.8,75.0,75.0,10.29
492,vestmannaeyjar,is,55.62446760577117,-17.99506563152576,46.46,100.0,12.0,6.2
493,busselton,au,-49.45539412098236,93.55092555082257,53.39,100.0,88.0,8.21
494,cranbrook,ca,49.08059572025263,-115.71765787760629,67.71,30.0,90.0,4.7
495,qaanaaq,gl,73.08599712185074,-78.05866988366688,37.19,92.0,0.0,7.76
496,butaritari,ki,17.49473523729469,170.7886539804873,85.16,100.0,68.0,6.76
497,nenjiang,cn,50.024918219477485,125.64730876230453,66.44,92.0,92.0,4.52
498,faanui,pf,-8.871386538992112,-154.97156680114443,77.51,100.0,36.0,6.53
499,ushuaia,ar,-62.12039239558921,-74.58641338070629,39.2,80.0,75.0,4.7
500,padang,id,-0.9713227809021987,98.26651837130618,79.22,100.0,68.0,4.63
501,hermanus,za,-53.260174418279874,13.993588581320381,45.29,99.0,92.0,11.79
502,lewistown,us,47.626908176744905,-108.12815125033823,87.73,72.0,1.0,8.05
503,grand gaube,mu,-17.52634380978263,61.409704959311824,73.4,69.0,40.0,11.41
504,neuquen,ar,-40.82635444618573,-68.4954081820309,57.2,50.0,0.0,2.24
505,soe,id,-11.001677731282356,124.96443407962227,57.2,93.0,88.0,3.36
506,bolshaya rechka,ru,52.30394106982229,105.03231462756713,48.2,100.0,0.0,4.47
507,port alfred,za,-87.4997933576728,50.97847902542088,59.96,95.0,0.0,7.54
508,sabang,id,7.31117673667471,90.96683967187573,83.99,83.0,20.0,11.68
509,butaritari,ki,11.089359259629077,167.3135229939649,85.16,100.0,68.0,6.76
510,atuona,pf,-6.521923437881313,-136.77888320101667,78.86,100.0,100.0,19.62
511,beyla,gn,8.705978523478677,-8.665289420398267,67.79,97.0,92.0,5.19
513,sao joao da barra,br,-35.359059812881235,-23.157435940930384,75.2,78.0,0.0,11.41
514,butaritari,ki,23.074809871371343,167.65784719990222,85.16,100.0,68.0,6.76
515,mataura,pf,-80.56598852381738,-141.76927962262113,55.73,76.0,0.0,17.72
516,bilibino,ru,66.19332690770503,168.92744034452255,36.92,80.0,80.0,3.4
518,busselton,au,-66.92057460893633,78.89532563782075,53.39,100.0,88.0,8.21
519,lasa,cn,33.178373021329335,87.60229309308306,78.8,78.0,40.0,6.93
520,port alfred,za,-57.77454257552096,38.205280998385405,59.96,95.0,0.0,7.54
521,victoria,sc,-6.246112040962373,63.71427722388427,79.59,88.0,75.0,5.19
522,chhabra,in,24.790770963053006,76.72167995528338,74.36,96.0,100.0,10.11
523,sydney,au,-33.56090235668063,151.7379753625802,52.61,81.0,0.0,11.41
524,hermanus,za,-65.29760334542955,7.419228830164968,45.29,99.0,92.0,11.79
525,hermanus,za,-51.466562595047705,16.234070601316915,45.29,99.0,92.0,11.79
526,saint-augustin,ca,56.1801111891495,-59.937803336756005,61.61,82.0,90.0,4.7
527,severo-kurilsk,ru,38.98878090782625,164.8770937647792,52.4,95.0,68.0,4.97
529,sayula,mx,19.973111447724037,-103.63933407324397,78.8,83.0,75.0,11.41
530,luderitz,na,-35.015531100017256,-2.157765087849782,50.15,89.0,0.0,4.41
531,novikovo,ru,47.05875357659508,144.01604580439516,60.95,100.0,0.0,3.06
532,balkhash,kz,46.513524416460456,76.65026808636395,56.9,100.0,0.0,4.18
533,kuito,ao,-12.651313831414384,16.99380873808974,58.07,66.0,64.0,2.73
534,rikitea,pf,-33.23189025738285,-120.60317414002677,72.83,100.0,0.0,13.8
535,avarua,ck,-31.53620371771374,-164.4544533805624,78.8,83.0,20.0,11.41
536,vrangel,ru,41.33861174945153,133.19510992952695,63.83,100.0,68.0,15.82
537,dunedin,nz,-53.093869179496735,174.61888698854546,53.93,73.0,0.0,2.95
538,san cristobal,ec,-8.93048684693504,-91.22948497274498,59.0,47.0,75.0,9.17
539,mataura,pf,-47.724193425207254,-147.53857442497076,55.73,76.0,0.0,17.72
540,rikitea,pf,-50.13864769180328,-127.87282402797824,72.83,100.0,0.0,13.8
542,sao filipe,cv,14.34039660678529,-28.555697002587067,79.04,98.0,8.0,7.09
543,yar-sale,ru,68.20295363792599,72.21510212234588,48.17,100.0,0.0,19.62
544,mocuba,mz,-16.27391177908656,38.29185515188249,64.73,92.0,0.0,2.62
545,vanimo,pg,1.7947397462245789,142.65056956469192,77.78,100.0,80.0,5.75
546,nikolskoye,ru,56.396456843016864,173.82341817525048,59.0,93.0,90.0,13.42
547,tasiilaq,gl,76.32760402770592,-33.84683311642115,41.87,100.0,88.0,0.04
548,matelandia,br,-25.181430616317044,-53.99320830723386,50.04,66.0,0.0,2.24
549,souillac,mu,-51.03857744643358,71.05122304080186,58.01,87.0,0.0,2.24
550,kaitangata,nz,-59.355922349580865,176.69957735092953,55.01,72.0,0.0,21.63
551,businga,cd,3.4343414567985917,20.6609095108208,70.13,90.0,80.0,1.16
552,hobart,au,-87.75754100820157,132.96685153995156,50.0,57.0,75.0,14.99
553,faanui,pf,-1.5290089619297191,-158.9106389288629,77.51,100.0,36.0,6.53
554,bluff,nz,-51.58241532332175,165.85508566427944,68.69,71.0,44.0,4.52
555,fairbanks,us,63.17164186175586,-145.11188563054236,58.39,70.0,90.0,4.7
556,lasa,cn,31.347203529199078,92.91409591135732,78.8,78.0,40.0,6.93
557,kodiak,us,45.34803891454638,-160.88564188369304,91.94,52.0,1.0,6.93
558,kodiak,us,57.49232997596343,-155.2894107788857,91.94,52.0,1.0,6.93
559,boyolangu,id,-12.571578697901543,111.44574898525485,67.79,87.0,8.0,5.75
560,norman wells,ca,78.98722769869502,-120.71863046692387,53.6,87.0,90.0,3.36
561,atuona,pf,-2.276851147241146,-143.51252419649214,78.86,100.0,100.0,19.62
562,ushuaia,ar,-74.15350100655544,-41.13065355868224,39.2,80.0,75.0,4.7
563,san patricio,mx,5.353745417031675,-116.6150424689405,47.09,69.0,0.0,3.18
564,butaritari,ki,8.877554798900903,173.19240746518562,85.16,100.0,68.0,6.76
567,luderitz,na,-26.628731299467645,5.478177496359848,50.15,89.0,0.0,4.41
568,homer,us,57.097215467983716,-148.4305953476223,54.48,89.0,90.0,3.36
569,nieuw amsterdam,sr,10.633941337572779,-55.083205190578354,80.44,78.0,20.0,6.93
570,albany,au,-71.3364697525821,103.34878459231908,74.21,50.0,75.0,10.29
571,ushuaia,ar,-64.05652026848605,-68.47421459609645,39.2,80.0,75.0,4.7
572,busselton,au,-49.643856884275976,83.83006242548083,53.39,100.0,88.0,8.21
573,avera,pf,-31.76694007121906,-154.72828470671163,86.86,43.0,1.0,5.82
574,mar del plata,ar,-56.00853516668252,-43.40290549206313,60.23,45.0,32.0,25.55
575,mahebourg,mu,-49.80443344718396,80.559800307079,73.4,69.0,40.0,11.41
576,leningradskiy,ru,86.30553360945419,178.5243570701124,36.47,100.0,76.0,9.44
577,nikolskoye,ru,35.97967320360827,172.5039446807947,59.0,93.0,90.0,13.42
578,albany,au,-35.75888944329384,117.93071918808442,74.21,50.0,75.0,10.29
579,zyryanka,ru,64.44656824133142,151.6303819313119,45.92,76.0,76.0,5.53
580,pevek,ru,88.32678771790981,165.8345887713029,37.46,100.0,36.0,10.45
581,east london,za,-58.402453658049915,48.840073294840664,68.87,94.0,44.0,13.02
582,ketchikan,us,58.02626584727702,-129.91273186272565,63.01,60.0,90.0,16.11
583,upernavik,gl,74.92181212823496,-52.55709421203616,39.35,97.0,92.0,22.08
584,provideniya,ru,48.83064342145755,-177.68130333697073,47.81,95.0,56.0,12.01
585,punta arenas,cl,-71.2968702139129,-100.6376702611257,42.8,75.0,75.0,10.29
586,busselton,au,-50.33613398584766,82.15500437960048,53.39,100.0,88.0,8.21
587,nardaran,az,40.982085102477726,50.097148314009985,68.0,77.0,0.0,5.82
588,thompson,ca,72.51311739031883,-90.43572975685125,46.4,93.0,90.0,5.82
589,punta arenas,cl,-55.042502788420634,-81.0182399699081,42.8,75.0,75.0,10.29
590,hamilton,bm,30.654326526232936,-64.97731122464124,72.3,73.0,75.0,11.41
591,busselton,au,-48.1547711492897,96.7780749786267,53.39,100.0,88.0,8.21
592,dingle,ie,51.80480705553052,-15.595533849476425,81.2,79.0,76.0,5.53
593,busselton,au,-78.2642966732837,83.31228187107729,53.39,100.0,88.0,8.21
595,puerto ayora,ec,1.988573446779938,-105.74587361273915,75.2,69.0,75.0,14.99
596,cabo san lucas,mx,18.241299511143836,-117.14431845333019,89.6,59.0,20.0,8.05
597,tuktoyaktuk,ca,89.5289295325021,-118.07665307589804,51.8,62.0,40.0,5.82
598,port alfred,za,-82.67336696872427,54.65951969803157,59.96,95.0,0.0,7.54
